source_id,ra,dec,ra_delta,dec_delta,decam_g0,decam_r0,vel_calib,vel_calib_std,feh50,feh_calib_std,pmra,pmdec,pmra_error,pmdec_error,pmra_pmdec_corr,best_sn_1700d,good_star_pb
1258504616925279616,210.268325,25.771819444444446,0.64082512656076,-0.7792773689544379,19.166656468063593,18.509248616173863,138.5328814950637,3.7382765287468236,-1.3655162736910986,0.2790024429199263,-0.5301113571017786,-0.3798086105526203,0.18391997,0.15595339,-0.043559577,6.221949648004279,0.9981975130879287
1450716704207508480,208.20477500000004,27.110758333333333,-1.2032736242283126,0.564195741305353,19.70665956661105,19.347319703549147,-0.1641748825095959,5.358830446868475,-0.15795842679251917,0.8511435744724883,-2.811103322227075,-2.201647045657013,0.3464122,0.23344341,0.080761746,2.7602486767481653,0.9608336521380167
1451012782072837888,208.99132916666667,26.84238888888889,-0.5044450723928925,0.2906002312419903,18.671299420297146,18.248460359871387,-111.84248580062521,6.996320701100025,-1.8582226930044863,0.43523744613599336,-1.4931357408637065,-2.6508931037606,0.16397941,0.12661467,0.08553429,4.168960729350465,0.9881722447886239
1450356446646255488,209.09072916666668,25.951722222222223,-0.4189791610065847,-0.6004051386161197,17.84634594991803,17.17186563462019,-16.674189891313596,1.5021455037925318,-0.7433630913438323,0.09905550465359617,-1.0338365243739882,-2.757005014128812,0.11687621,0.09286471,-0.003682667,10.172477111552228,0.9998409039130337
1450793433799362560,209.20433333333335,26.37858055555556,-0.3156755264836725,-0.17388524997344154,19.48380582034588,18.848123908042908,-201.91714381262665,3.6949055693626236,-1.704222361015312,0.35310429855182784,-0.5507713566103118,-0.7552268200252698,0.24743654,0.20043205,-0.049520876,3.590863289620372,0.9678919567697469
1450927673001533824,210.64929166666664,27.426988888888893,0.9697239633217145,0.8781882871671078,18.12974263727665,17.763712733983994,39.363402648490194,2.8817092735874748,-0.9929641032090206,0.234133085964916,-1.3296965721395972,-1.2162067596457131,0.114206746,0.09202916,0.11598988,7.8982053152944784,0.9998918315202978
1450726977769346176,209.48867083333334,26.085630555555557,-0.0610995572860576,-0.46724804995758806,18.51609419286251,17.91560848429799,193.77664620510734,4.074994549201909,-2.9219402997742394,0.41590206866812673,-1.223541745120136,-0.9024156586881322,0.13131377,0.10654895,-0.07647913,6.043973000451169,0.9706499698678137
1450795289224753536,209.33697083333334,26.427941666666666,-0.1967658475107401,-0.12478957272842037,17.166849374771118,16.351372949779034,191.71449023132016,1.0488271159980787,-2.5333949810619454,0.1312855462614155,-1.2321340956179576,-0.9452615070999913,0.057695787,0.046236333,0.1974934,23.499135607116866,0.9998890804473529
1452411365159006208,210.923975,27.337766666666667,1.2144552357023666,0.7913200481654885,19.32962103188038,18.792848732322454,55.851416255134836,5.546738358419014,-1.6486524657149562,0.36313472421805876,-2.9657960088518722,-1.9640296149595646,0.24146758,0.20893797,-0.05842676,4.535323751848533,0.9982698387126707
1450593490185773568,208.34498333333332,26.26526666666667,-1.0865318127791448,-0.28249597366034934,16.8763542547822,15.946693433448672,192.2879871670446,0.9717950743056435,-1.8119194681482282,0.10423051335420251,-1.1976456479993807,-0.8876365094718002,0.04881836,0.03803478,0.042953808,16.14909196050156,0.9997802404883426
1450596243260368896,208.21330000000003,26.30432777777778,-1.20418456713728,-0.24226046818638894,17.33251252397895,16.47634162195027,189.35946592415044,3.428793495964578,-1.988405842384061,0.618150531384517,-1.1193757396747288,-0.8849753305508663,0.059674207,0.04528892,0.15470995,5.706220662365834,0.998540019021486
1450855693644861696,209.52841666666663,27.049219444444446,-0.025189593801420475,0.4963160166520464,18.238659001886845,17.736707098782063,8.033931689033007,2.7118597741871033,-1.8411746021652466,0.31234591629223935,-2.098036611937488,-1.8782407696793681,0.11113781,0.09042445,-0.0070741163,6.039417832902172,0.9996314132028954
1451453209495244928,207.377775,27.00183611111111,-1.94093676807865,0.4654315244160348,17.862763170152903,17.971650131046772,-29.907137916969077,7.3842561558532935,-1.7256709887572987,0.33784693575333447,-1.0168093725693332,-1.4881117821787067,0.12049208,0.084842026,-0.019044649,4.973020730517847,0.9779422068688322
1258512279146915200,210.6497541666667,25.720655555555556,0.984695311457066,-0.8280162859396051,19.834126386791468,19.319553304463625,122.47851819165943,5.419240433946903,-2.172192272934903,0.4848402564521789,-1.34771203032452,-0.7786592869997105,0.28206688,0.2683753,-0.03816424,3.174598680884079,0.935172003431526
1451024876700795520,208.6874541666667,26.969694444444446,-0.7746826139405901,0.41941772493387663,19.325604110956192,18.721105348318815,13.691931107659197,9.114590282727782,-1.1766712494902083,0.6728175675508312,-0.8428205851165133,-0.47482248878629585,0.24164589,0.18549436,0.049360756,2.229462335592631,0.9144190258961835
1451855592095629184,208.15946666666665,27.56456388888889,-1.2385105403698744,1.0183623255076437,18.276763699948788,17.77073174342513,-95.99523636812438,2.1812701987569314,-1.6473814272930767,0.22667264768613438,-0.5080041903776761,-0.9979574511732394,0.12790678,0.08457304,0.016536165,14.434888578812222,0.9997853968095934
1258149513325422720,209.1416125,25.320558333333334,-0.375206409308192,-1.2316390917960323,18.797779858112335,18.55716446042061,106.62101510566137,6.548810310902788,-1.3518808621078398,0.40476478459271814,-2.041616910247049,-1.6642359282821422,0.18614249,0.1745713,-0.08337366,3.3566700131602327,0.9883956236669749
1258733315344240000,211.1515,26.94018888888889,1.421548663262598,0.3961304564681415,18.86012138798833,17.79769104346633,-17.100042110171977,3.355527559349282,-0.67342070187397,0.2801158370390394,-0.7219529230806492,-0.8028847149878314,0.12745593,0.100630656,0.027494702,4.189985057860415,0.9980471977808688
1451156100837351808,209.83112500000001,27.62135,0.24314809478699997,1.0686483756567042,17.836847245693207,17.002395395189524,22.589957135011502,1.9591399513872896,-1.8423712912786652,0.3912841516031354,-1.689818345925802,-0.19723505955184994,0.08806343,0.06907329,0.29484642,7.873386027973757,0.9994586626990613
1451856176211174400,208.12718750000002,27.54445,-1.2673491120022744,0.9985683172979466,19.363619923591614,19.014186734333634,142.47297841122497,6.537461260198685,-2.563589854169822,0.7055402894250946,-2.4003494787694653,-2.875960473292324,0.26110077,0.1693507,0.07403462,5.281536336322921,0.9904969695342074
1258327939150967296,211.06620416666667,25.772458333333336,1.359193337556556,-0.7724133173796885,18.94001053273678,18.434454929083586,5.235634383965516,2.64693884247369,-0.7738964818209548,0.19536649754889066,-3.151411262054766,-2.5648555181684007,0.17020209,0.15141511,0.11408614,6.788482796941314,0.9991510037708605
1451156238276305152,209.85940416666668,27.63756111111111,0.2681642732857009,1.084912989411347,17.68564796447754,17.049167584627867,71.77555915199699,1.942390958460771,-1.2413359143594582,0.1924511995733773,-1.5394057940406864,-0.9166762012046284,0.090257585,0.06355976,0.23136684,7.779669923463008,0.9998177253853792
1451859822639024128,208.39444583333335,27.62011111111111,-1.0297341102085094,1.0718183522516285,19.282678835093975,18.789522498846054,-98.36053952129559,5.9485036173617685,-1.32246827875167,0.4213193419813796,-2.146894960946872,-2.431484693986195,0.2617875,0.17123076,-0.066690415,5.862151068732033,0.9987734507941749
1258330344332654208,210.88620833333334,25.775844444444445,1.1971177194319602,-0.7708226795651941,19.603620320558548,19.170115284621716,-13.462092051308627,3.6329680695683795,-0.39165532551375043,0.28719748580570126,-1.2011973448184838,-1.9873930724178717,0.2503198,0.22637092,0.027042424,4.04811953408386,0.9733543854219117
1258525408862576384,210.78190000000004,25.986055555555556,1.1012492168020809,-0.561571544475295,18.170633904635906,17.61403268761933,20.82520056771567,1.4886155405079642,-0.9274748199716566,0.12070859848400799,-1.0105220728996547,-1.8073008591992332,0.09773499,0.08240012,0.067447156,14.44086239692784,0.9998519681812155
1450597441557547392,208.35503750000004,26.360058333333335,-1.0766365070745483,-0.18779415919961387,18.784252539277077,18.07785515487194,-44.9895381545736,2.552801697334852,-0.30991368936876257,0.1374769060817996,0.5720036260066372,-2.6098830798014414,0.2977614,0.13477649,0.20668702,6.238969534170493,0.9997622575855303
1450803771784490112,209.41214166666668,26.57773888888889,-0.1292824477833869,0.024911793736516055,18.58462432026863,18.348599698394537,-38.41312007227448,6.159187314875194,-1.9471809155147346,0.5307076048679332,-2.977425300091599,-1.3064901652574774,0.1620622,0.12659293,0.08449876,4.026974581196154,0.9878956226001591
1450942275890160640,210.02554166666667,27.15516388888889,0.41715837465708383,0.6030157685469002,19.527773797512054,19.001728765666485,58.82645739719772,8.4748189206748,-0.19159436242029096,0.5894780844958132,-2.0533197476589926,-1.6850880813934759,0.2611697,0.21311086,0.040337157,2.255574449818331,0.9377057728926186
1258525748164505472,210.80450416666667,25.98958888888889,1.121529671345206,-0.5578425410576878,19.250764414668083,18.68397231772542,-65.52925091596296,3.858139078086199,-0.9722502352847204,0.30675224191377887,-1.3998106774408334,-1.6180937517151603,0.19238344,0.16479205,0.0020410765,5.304778669221072,0.9994246970380228
1258153803996944256,209.1116916666667,25.411391666666667,-0.4019497328309955,-1.1407350358479633,18.09128201007843,17.54883285984397,-120.39795091128035,5.50101615375046,-1.6520033323298131,0.440004231286854,-2.1214049238423875,-2.783479819055545,0.09491817,0.09340306,0.0015269552,3.9952772376000714,0.9953362037161069
1258590726725238528,210.41549583333332,26.22321388888889,0.7703792177694786,-0.32710333503908323,17.31186729669571,16.288971671834588,114.15271103919271,0.8006709396322557,-0.8437470383156089,0.08066307563624299,-0.832494506022962,-0.7412669161749038,0.053223263,0.04479057,0.05113858,32.93570623809486,0.9963689737647369
1450394512941151616,208.32301666666666,25.981102777777778,-1.1089198535054403,-0.5664507118929172,17.40421587973833,16.41438638418913,-61.684880050768655,2.5239266297974767,-0.7999799906844502,0.2516613973586891,0.2734493707411275,0.5317827982650363,0.06801909,0.046049364,0.2680011,6.710818741803808,0.9996988224378737
1450814457663891712,208.90752083333336,26.550080555555557,-0.5807069108769876,-0.0013488113757162766,19.57142858952284,19.330192372202873,9.89917440278651,4.450230983644064,-2.7025894973251923,0.21002394792829637,-2.5519618768578223,-0.5176189622890722,0.35983956,0.27395484,0.17459743,12.416910477010289,0.6518330394733471
1451865659498945664,207.96570833333334,27.48356666666667,-1.4112561137737263,0.9393852514097184,19.789572197943926,19.258769238367677,183.76402884203708,6.375301888280694,-2.162759540985145,0.8334645907890851,-0.9977719057901773,-0.6065630217775537,0.323648,0.21734294,-0.014212926,4.098528665519621,0.9722674603583357
1450396200863498112,208.3384,26.07393888888889,-1.094228213187636,-0.4737548947599936,16.95917133241892,16.20929329842329,34.83457513353492,3.8886737963313487,-1.6335506025804318,0.2950699746109981,-1.4824192765034878,-1.3276691459736387,0.052481256,0.04017791,0.12961228,4.6983750690480575,0.9990256068159169
1450603042193066624,208.03227916666665,26.315222222222225,-1.3662818879864544,-0.22955161810833624,19.09436945989728,18.46118244715035,-43.38888337056099,5.657274908216638,-1.0579378520453857,0.535347388015772,-0.7978351143317813,-2.150160821169546,0.1934239,0.12747513,0.0710847,2.940381449089353,0.9892639190451475
1450668531854143616,207.87899166666668,26.70526388888889,-1.4985331970880276,0.16217196942043635,18.76164472475648,18.415941536426544,18.521595127553937,6.373816874128181,-1.4955712061618365,0.5980697689175839,-1.2094481384407425,-0.8810820095569665,0.19014399,0.12871073,0.0072248583,2.4277256353315324,0.8510000352268143
1450816454822811520,208.91702916666668,26.660183333333332,-0.5716513416176771,0.10870976612103209,18.579050049185753,18.026139568537474,-48.998457093036514,2.6848535220367786,-1.0003768538698026,0.14548984804842116,-3.125597203820716,-1.5433973690406315,0.17286752,0.123050146,0.14646052,6.529363826978074,0.9997216116230268
1450945269482743552,210.11034583333333,27.254372222222223,0.4921736308840059,0.7025176948707915,18.45860280841589,17.85395185276866,29.08371283362744,7.606328304412894,-1.2526037698886134,0.46585234180285845,0.1933306866330735,-0.03368662925825719,0.115841426,0.09350775,0.12036855,3.3518732637835935,0.9828985832699819
1451089820901289216,208.69139166666665,27.32700277777778,-0.7687115471122224,0.776674127725742,17.39934676885605,16.987597178667784,-140.44426821877693,2.600486216412997,-1.0661475013117983,0.29365958552072563,-1.0016221435297146,-2.2476485497953793,0.07488404,0.057393372,0.09737017,7.266143280081816,0.9998402688481666
1450670112402531968,207.62846666666664,26.52541388888889,-1.7249348223477885,-0.014509795018898007,19.159810818731785,18.656599521636963,-39.784702901637786,5.487861707808351,-1.3401569727505382,0.4777201850340048,-0.24996271764638983,-1.4748066291041353,0.2001413,0.14452544,-0.0936817,4.1146533648427255,0.9957213619929195
1450750720348840448,209.62505416666667,26.3891,0.06123139724001672,-0.16378344946560888,17.824389964342117,17.223487097769976,-0.2258962923732558,1.3956150153843143,-0.4877150524388465,0.07201522015454823,-2.7151636001939172,-1.4570847613383777,0.08834786,0.06844855,0.19673891,11.492014451510393,0.9998117288826952
1451867858522224000,208.05714583333332,27.558297222222222,-1.3292638172093052,1.0131219849368978,19.092531267553568,18.42009994201362,169.92553146820984,2.9020056205951588,-2.464600678599764,0.2671407995039487,-1.3585020625444864,-0.6285410002004557,0.18528643,0.12682608,0.009657667,7.68602195651979,0.9997222350896463
1258596739679442816,210.35140416666667,26.342719444444445,0.7121559368421909,-0.2079722539932183,18.24676014855504,17.611148823052645,-14.894165352780778,2.956157199381548,-1.0212868352981999,0.1832571041801651,-0.8102244889447938,-1.439500875763108,0.28401956,0.20559281,0.2059471,7.174115694426444,0.9998214801923025
1450210447822765056,208.71855000000002,25.371044444444443,-0.7572850559707478,-1.1792956539433952,18.633051596581936,18.098670683801174,12.576532815169525,5.906101129007911,-1.6678212536698207,0.49676702793262545,-1.0956651519522365,-1.499882274148005,0.1271924,0.10759337,0.0776983,3.3406676773893333,0.9921368420446252
1450403343394058240,208.51556666666667,26.15376388888889,-0.9344848025531702,-0.3953373858368549,18.52173077315092,17.83307975716889,59.15725869095303,2.7642371110077337,-1.60251489130711,0.28805112011375755,-0.7459359173090814,-0.840872570706713,0.12921098,0.10172301,0.14223932,5.6821105843231825,0.9986329339270913
1450752026018903168,209.55668333333335,26.444825,-1.4922727141038234e-05,-0.10807493591067094,18.762971997261047,18.20128535479307,191.47983431717137,3.1242873438024072,-2.590851366593512,0.33175613318464964,-1.3693286416401769,-0.9294680744919537,0.16242677,0.12354932,0.08650702,5.227651198920904,0.9678865490987204
1450949220852659584,210.12128750000002,27.357702777777778,0.5014330253146811,0.8058807115675073,17.43160903453827,16.766420289874077,180.98919046191685,1.4621496315113216,-1.151947629243925,0.1633553936897351,-2.6432737671670767,-1.1366688112175012,0.06430753,0.052472983,0.14593163,11.450195860473128,0.9997985926475886
1451219288396172288,209.07679583333336,27.728355555555556,-0.4247886695468945,1.1761683594078922,17.42097244411707,16.80988330207765,-42.7440769749725,2.3728116708368403,-1.8792077264993554,0.2890593263167531,-1.8859679731373493,-2.2997731866764393,0.071136795,0.058050077,0.17434292,6.0853666299119835,0.9895655904092058
1450820608056155648,209.20465833333333,26.736841666666667,-0.31440019883165055,0.18437312457101335,19.671233043074608,19.155720807611942,182.30502650430728,5.8038525866227175,-2.393329643116688,0.606121689038126,-1.056611875014418,-0.8165176543910251,0.29019505,0.22266175,0.14315578,2.4643713144007866,0.7231106660922664
1258539217182011008,210.69427083333332,26.09823888888889,1.0215182439605461,-0.4501230134554832,18.663538120687008,17.88881729915738,-14.086026960154907,1.2832326114994002,-0.5069124203004001,0.10782256698805434,-2.735983862312853,0.7793582599722206,0.11942226,0.100971155,0.074305326,12.34998372688665,0.99977527002854
1450671624231062400,207.72279583333335,26.568091666666668,-1.6399701718455308,0.026925171910175256,19.161232236772776,18.385404620319605,-20.742210674201218,5.201033383407961,-1.5998632780694941,0.451225934375935,-0.5718988976682717,-0.21049155101005879,0.2026931,0.12073834,0.059198607,3.545772781493292,0.9905184906693395
1450756767662816768,209.52608750000002,26.552866666666667,-0.027383561844844452,-3.006318947705972e-05,18.351558536291122,17.804765712469816,195.50157214506407,3.354868631958722,-2.657388488518926,0.2909540771849502,-1.1592371921797966,-1.0472544631616927,0.122627854,0.095465384,0.2128747,6.797343401023656,0.9997953052013261
1450821226531788672,209.29293750000002,26.752838888888892,-0.23552764408111485,0.20018082796739164,18.90493919700384,18.32452829554677,-10.113849132527275,3.1310055712054785,-0.7567640540258002,0.20908417331169543,-2.422074861283554,-0.843668905249765,0.16696402,0.124803424,0.13515323,4.545272062916251,0.9886278060770185
1450954752770504832,209.81996250000003,27.322761111111113,0.23389078595538002,0.7700781502939529,16.08350046351552,15.171520926058292,-118.32986387311867,0.7111362497659132,-0.30180001333816664,0.025194410983156477,-1.84636708762927,-2.515006517330787,0.035451796,0.026535295,0.11685801,41.872044870222574,0.9997869049026163
1451875314585496320,208.18308333333334,27.719177777777777,-1.21586117304665,1.1727127504462527,19.61878877878189,19.38438966870308,-11.911430690411759,9.039611302950183,-1.6203485925796541,0.6648588336642254,-3.033398870384736,-1.498593381397507,0.37110883,0.24833497,-0.22707142,2.7023165380359,0.8043284441464404
1452433527190255744,210.70936666666665,27.606844444444445,1.0213646257604856,1.0584778060802902,18.815238118171692,18.432753685861826,183.40574855834595,3.2283054032327905,-2.546782183354847,0.34519108878166355,-1.216307607976726,-0.8143304960887525,0.20662566,0.14835666,0.08768765,7.544844741488766,0.9998390746170086
1450409665585930112,208.92260833333333,26.169736111111114,-0.569080232450779,-0.3817533394486991,18.352701921015978,17.83202175796032,-188.86918970993997,2.4256263310874053,-1.4495923272918936,0.20889102322352587,-1.2754774478478188,-2.565790903407718,0.12881568,0.101757,-0.07822711,7.088402926981049,0.9997907742144165
1450757042540728960,209.5046125,26.5773,-0.04658348893452092,0.02440946476484012,19.334125872701406,18.786713261157274,180.45255561075214,7.013691069548383,-2.4904290838672587,0.4589800958339803,-1.0200607497371994,-0.7209418365621006,0.21814503,0.16937888,0.12328086,3.3580378760706844,0.9436717433631738
1258541764098047104,210.44134583333334,26.098319444444446,0.7944162034414005,-0.4518341853462649,16.521446965634823,15.533470951020718,190.82795833519017,0.7043830614741698,-2.1518885600920923,0.04989158891512486,-1.208383376993293,-0.8825375030497984,0.037546962,0.034227375,-0.053249925,64.4027394150207,0.9963822928861259
1450295075858547712,208.23027083333335,25.818841666666668,-1.1939125149028014,-0.7278601642268924,18.691550761461258,18.031524766236544,33.4910032371777,2.9943205469281637,-0.6341319270679209,0.291415494555677,-0.639549301604407,-2.0339453765250397,0.14089537,0.10456491,0.1337735,2.62836836113138,0.6677090962982662
1450486532615771392,207.90981250000002,25.90018611111111,-1.4812641364900418,-0.6431826748880213,18.053084563463926,17.51131977699697,21.338113463431505,4.894227684414969,-0.8415071283983182,0.2502378004425768,-1.3014495071927452,0.048465201219799144,0.1135729,0.08282869,-0.11540139,4.3906517301976535,0.9982953013252518
1258104772649922816,210.08275416666666,25.398552777777777,0.4752023175537192,-1.1532939385617105,18.246158182621002,17.713349033147097,3.385361997792172,2.943266036903204,-1.9919755788218736,0.23284466037720825,-0.26624961262344626,-1.2451326906404674,0.10014639,0.0828268,0.06533408,9.21014909470189,0.9998390089714442
1258424288152411264,211.22973749999997,25.911094444444448,1.5046385233707356,-0.6319713347032229,18.178077172487974,17.65647066012025,-58.40143435956327,2.283367749637345,-0.7795380163822646,0.1395479289519736,0.2543832398521608,-2.450949364955303,0.0944779,0.07743343,0.10546979,9.580628040019898,0.9997760765086235
1450295492470612736,208.0224416666667,25.72312777777778,-1.3820510645712496,-0.821470910009846,18.06415456160903,17.49636692367494,92.7249033110361,2.784586886012845,-1.2823057642175528,0.2852193442478845,-2.2831352203882176,-1.3131268352475236,0.109183915,0.08699914,-0.0338325,8.315400714814235,0.9998007546809534
1450410047838083968,208.7081041666667,26.05785277777778,-0.7623090069902767,-0.4925174774256128,16.329336620867252,15.708897577598691,-132.78561357775078,0.8181895529211615,-1.4334939760265075,0.06768944516464827,-2.0563924707593326,-1.8463248716471832,0.042404585,0.031228121,0.08736344,29.64419940260963,0.9997235473339379
1450884517169892608,210.14179583333333,26.986027777777778,0.5213799037917732,0.4343136969661856,18.378379218280315,17.65660060197115,-17.359696811629373,3.402737786379817,-0.463545492676524,0.37092667721082306,-2.6397905178508667,-1.8684699503789481,0.117900744,0.09168104,0.13186932,4.100871371297388,0.996729228161472
1451043602758623232,209.09231250000002,27.09267777777778,-0.4134262042402896,0.5405187539671419,18.446353293955326,17.70720685273409,-57.443236230360675,1.7379904320618378,-0.6016300651084528,0.133544146489621,-1.096370001479018,-1.7513014617795497,0.15714839,0.115108326,0.2170189,8.550652898558914,0.9998577396353528
1258174802092126208,209.62995833333335,25.688386111111114,0.06601782106711908,-0.8644622191013202,18.52603080496192,17.986195312812924,-283.0581004434436,5.965523652777728,-1.4275873272014736,0.4056830705534893,-3.1124069053411842,-2.252648496762691,0.13175027,0.10592185,-0.017929021,3.390409845316005,0.9920150822501076
1450763227293876608,209.76045,26.474588888888892,0.1823827943575339,-0.07816612276600574,18.897356502711773,18.316426180303097,186.90402804606526,3.550047748973318,-2.365891376212449,0.39812537548402854,-1.2953071032860997,-0.8959700287295143,0.16631661,0.1200442,0.14768927,5.856078850298331,0.9991759295484631
1258115321089590656,209.85848750000002,25.379819444444443,0.2726596155805569,-1.1726776029419337,18.89471912011504,18.348575204610825,-8.134201393272118,4.327438587862761,-0.9490302265733346,0.22856668118093887,0.6881095565493202,-1.8668909887250835,0.16428839,0.13467097,0.06818402,4.570525235846711,0.9966776644927681
1258426414160926336,211.05988333333332,25.90483888888889,1.3519896950803176,-0.6401188418113262,18.803032480180264,18.439456451684237,-20.272150005581757,4.697482769676983,-2.576203590565221,0.351530302993776,-0.892622084687958,-1.567861422164933,0.15701826,0.13133544,0.041810103,6.710580615563142,0.9974783039787686
1260240127310861184,211.23167083333334,27.16477777777778,1.4900046154502604,0.6216026706320199,19.52097612991929,18.99344525486231,188.41448138051686,5.053776357247728,-2.2680840169189516,0.38149941386930303,-1.4230416587465275,-1.0470325490612589,0.2591239,0.20591615,0.018672222,3.5054072052270304,0.9399481373964919
1450553770328560128,207.46514583333334,26.229344444444443,-1.875774624758878,-0.30824732809222893,19.35588001087308,18.637069845572114,-34.907406495208086,3.4660961076565924,-0.9122022706807852,0.25154052141143574,-2.9264643078762633,-2.780454289524571,0.20789441,0.15221874,-0.09488938,5.677762986940436,0.999677477860534
1450763777049701888,209.79243333333335,26.516094444444445,0.21093571053247362,-0.036611576205586686,18.82581152394414,18.22834751754999,193.21661702837372,3.1177987533524583,-2.5428371812936192,0.4284431369381635,-0.9872921197070054,-0.7656210199644143,0.16661139,0.119853534,0.1675767,6.429889917542439,0.9987585254332343
1451046012235641728,209.25929166666666,27.195130555555558,-0.2645302059958171,0.6425240145540378,17.41391597688198,16.921162482351065,-87.39713206481599,2.0285959087976804,-1.4966267609653943,0.23747837607638272,0.13296284783097145,-2.348896153924269,0.07406317,0.055758946,0.28106034,9.628627616545515,0.9998072577367129
1258426482880408576,211.05157499999999,25.916888888888888,1.3443813690711999,-0.6281577959071353,18.990966271609068,18.49492782354355,-24.815955365828472,4.236643639088572,-1.5342498944141996,0.30414050030429607,-0.9100088390710827,-1.5236504854547464,0.17635128,0.14589924,0.12365715,6.420749191504945,0.9995500947893138
1450680076726258944,207.75102916666668,26.74226666666667,-1.6122688018580458,0.20072401404277915,18.914707139134407,18.265371579676867,-233.90917450595668,3.8951619438021527,-0.9543422602009497,0.21886345105794874,-0.7857706201097326,-1.7230104467816867,0.16904305,0.11609756,-0.031728886,6.0696048289652635,0.9995782969065865
1450766839361412608,210.08255000000003,26.508561111111113,0.47055956389898945,-0.04337359482669553,17.61274491250515,17.00825808942318,196.14960852192016,1.4183749038710005,-2.0059205393523833,0.2514861692807191,-1.1844177966738767,-0.8515105367892941,0.08899171,0.06736561,0.019590894,12.803816905485023,0.9991488254210197
1450828167198907008,209.5888875,26.668625,0.028763305335018044,0.11572853295383013,18.82350692898035,18.334447260946035,-19.94240013153816,8.917098089494582,-2.339106420713773,0.6240183065793606,-2.5118901902793125,-2.6902286097021957,0.17843866,0.1276276,0.26578918,5.0200750925005515,0.9522279405220282
1450889056949941376,210.07108333333338,27.095569444444443,0.45792259686054304,0.5435802134812603,17.275401774793863,16.637563828378916,-6.785377780940691,1.3766711712908875,-1.5651655552398465,0.1917808670727234,-0.27129219551062245,-1.2949373755997655,0.06361156,0.05046431,0.07189826,11.998643546221912,0.999463305261315
1451476024361591680,207.84057499999997,27.304838888888888,-1.524683773135937,0.7621252716102477,17.947510942816734,17.504519779235125,237.43402875160803,3.136094681276906,-2.222518958597392,0.17795032853396806,-1.1348303613611044,-1.6622927250395265,0.10351627,0.07337604,0.07186159,14.182700140222453,0.9998439056263195
1258552926717227008,209.85525,25.870433333333335,0.26862901829735275,-0.6821376695327086,18.978215638548136,18.47140352614224,-181.5785726794399,2.896394718946606,-1.8042637282605698,0.3454638303189276,-1.0783672372165176,-2.498624333481009,0.16746195,0.14226992,0.026937066,4.524470025707758,0.9982616606762127
1260184125232065664,211.59105,26.939533333333333,1.8132117643040628,0.4010216300078127,18.5392652079463,17.72070411220193,-19.203499087572435,3.583283734256046,-0.49622114877456736,0.21978647062317058,0.515426451948612,-2.013269168869103,0.11791128,0.098572,0.12363168,4.235062182948959,0.9945794942786864
1451478047291002496,207.94623750000002,27.401636111111113,-1.4295839621937545,0.8576869461302351,18.25497644394636,17.641985941678286,-70.82961962361416,1.7112636808028145,-0.404754206456504,0.09910475537124397,-2.65120426454896,-0.1310299102953227,0.11113687,0.08106199,0.09871524,11.371030797408203,0.9998498472260561
1258429815775081088,211.04787916666666,26.016044444444447,1.3399285735259558,-0.5290527362418301,19.76663312315941,19.267446875572205,-121.14038522780245,5.46171807704742,-0.44889528909740123,0.4617760292848124,-1.647589026081308,-2.7883790618267787,0.29063678,0.22879131,0.15062998,3.4982755663102485,0.9492593361733248
1450420699357019008,208.90033333333335,26.334116666666667,-0.5882376728044411,-0.21727660314722,18.736552394926548,18.22650660201907,-11.403300999752144,3.3654865066705146,-1.6653826936387728,0.29060690494475155,-2.2218688937820117,-2.8001170984551433,0.16050847,0.12469812,-0.024492687,5.962566869720549,0.9997005417528257
1450830267438457344,209.61230833333335,26.759486111111112,0.04965291833381086,0.20659643466223007,19.38369146734476,18.835372507572174,194.11384741320364,6.786182631878369,-2.48178998246233,0.5371380038309992,-1.082755807053855,-0.7493083385334585,0.2235848,0.16532843,0.19052245,2.8342817938421963,0.839806553234157
1258191737147900416,209.58982083333336,25.86972777777778,0.029801741216908564,-0.6831521837696958,16.58854439482093,16.00476960465312,-246.53386777751962,1.0758526999220837,-2.830391350867165,0.24518901589431613,-2.5315231494768398,-0.9533783827728762,0.049685348,0.03986074,-0.014938248,21.14503718967023,0.9994937494661417
1450684955809146880,207.76370833333334,26.81131388888889,-1.5999780985532548,0.26960496546469653,19.46993588656187,18.921209013089538,60.28327767351158,5.602711431663878,-2.4850159367261857,0.39141616839698756,-1.1178541895539338,-0.7956424807747602,0.2578364,0.17114994,-0.025128897,4.406977153084362,0.9882453172491
1450833596037626752,209.3966,26.812919444444443,-0.1428865230800713,0.26010779221377167,18.392828203737736,17.77345246449113,189.1503702927204,2.081146500970698,-3.1649774306964673,0.386032462979056,-0.9961372761922516,-0.8207166116383949,0.118840635,0.08909169,0.14570093,6.718066100999571,0.5855673812193148
1451888169423182080,208.4287625,27.779352777777778,-0.9978771021491211,1.2307500264536317,18.723472002893686,18.053264994174242,-16.941938021764837,1.662249938050268,-0.34858443250185944,0.1357809829399963,-1.3870186429960674,0.6491539625083218,0.14596704,0.10229205,0.088597916,8.810575617042465,0.9997552572633547
1258676793574558976,211.11749583333332,26.74852777777778,1.3936034905025292,0.2041131488447312,17.954024214297533,17.432717617601156,-1.216895501362055,3.2159511324590624,-0.6406156947359305,0.22308273738533937,-0.22607459497641122,-0.0881857051476366,0.098159075,0.07621263,0.0984167,4.571168822704207,0.9991830286670416
1258569041434556544,209.62177083333333,25.989530555555557,0.058490476336805784,-0.5633455192557845,19.733157239854336,19.193747084587812,-74.94711280417678,6.664727477210754,-1.6880270222856217,0.5454696871286616,-1.1154035606242911,-1.3246800115703148,0.27830276,0.2159275,0.08318101,2.3850862005901146,0.9541026828229421
1450435091791686656,208.88278750000003,26.417169444444443,-0.6035276158314543,-0.13414376895198035,17.718555122613907,17.14219143614173,-68.55486809478731,1.8982882034668975,-1.554547634036504,0.15489348924257323,-0.677432004857738,-0.975645595887773,0.09025856,0.06896104,-0.03343772,10.482427516023856,0.9998513869434457
1450693889341141248,208.1419291666667,26.84390555555556,-1.262186928305142,0.2979707292449037,19.39303996413946,18.834053821861744,11.059544654203648,3.3054418699622135,-0.7738398626883787,0.36158298074995954,-2.256531439073404,-1.2488823130768791,0.25564322,0.16935046,0.06321928,3.7441193269233737,0.9907604466726228
1258489842237746688,210.3048625,25.668022222222223,0.6743138486553902,-0.8828745236748446,18.643129386007786,17.87045281380415,22.431569279405792,1.8577267504159622,-0.7126104349725868,0.1526852676148321,-0.1894789367747073,-0.5745390090346815,0.10653096,0.09347154,0.060442787,9.66149523204843,0.9997148559770326
1450333425621515648,208.8700125,25.841655555555555,-0.6180054029428836,-0.7095706567667737,17.263847205787897,16.63808812946081,66.05698100337366,1.0317712215518111,-1.610058525259313,0.09846602206838335,-2.2566886129827153,-1.5119474192283313,0.06197797,0.048700918,0.047107015,16.06379505000012,0.9998075936143338
1450638265220381440,208.35417083333337,26.654319444444447,-1.0746566914501663,0.10646088741128476,16.610778458416462,16.006609737873077,-87.27953466091571,1.8119878485698093,-1.5103097526312474,0.18786133006157468,-0.34491150708702395,-1.5351025205692588,0.044400897,0.033079606,0.10037431,11.252706753779016,0.9998127364222843
1450778964053832320,209.77972916666667,26.65035,0.19933413669699682,0.09762338212870593,19.037642173469067,18.605359349399805,-2.8361932394791745,4.24323737773188,-0.20476155665282736,0.2290310490096765,-3.140189750055939,-0.427595021704693,0.2019443,0.14562467,0.15610145,2.902329114804286,0.9555505424562437
1450916643525344000,210.37039166666668,27.160705555555555,0.7239412663468747,0.610092148345022,18.18114274740219,17.686571799218655,-0.9303482158174876,2.94443619752969,-0.8987802339679039,0.21953808362658528,0.5267403997019341,0.2161179984485376,0.13834937,0.10412027,0.20957913,4.019353575742463,0.9832619670876901
1258136108731204608,209.2926791666667,25.236108333333334,-0.23882145506060629,-1.3164297760221144,19.10384453460574,18.71426995098591,157.85499752010793,4.464398639302302,-1.196239744284691,0.43312131820118815,-0.41247667762636203,-1.0038344929214527,0.18520333,0.16953868,-0.022447942,3.240205599642572,0.9872775712468319
1258492144340244352,210.39507500000002,25.753580555555555,0.7550731782892733,-0.7968239931138479,18.821223948150873,18.30383818782866,-19.997210229494463,2.1258598318582504,-1.1608703080107228,0.2415180906154747,-2.780499779179524,-2.827162084799645,0.15190631,0.1260823,-0.029349878,7.992081541334011,0.9997477262001628
1450338953244018560,209.27392916666668,25.807963888888892,-0.254565747043168,-0.7446343131468527,19.062545534223318,18.60552053526044,-98.33338563518909,9.160267904252352,-1.8990346975837014,0.5302658328452536,-0.12784115928818846,-1.7009220543980197,0.18971927,0.16180392,-0.038927015,4.068766437008776,0.9852073926674288
1450439970874564480,208.7889416666667,26.559366666666666,-0.6867174398732975,0.008523443745215265,18.619042605161667,18.323220025748014,-87.99494568951539,7.7786692630852015,-1.496534198097983,0.3952015323500843,-1.8829012160256515,-2.680532229011054,0.17598239,0.12556602,0.16093981,4.533781253540157,0.996254732382155
1450639119918594560,208.258675,26.60504166666667,-1.1604841327947206,0.05801816232390778,18.775762420147657,18.051698299124837,187.16315160878514,5.75187586819843,-2.1760431919100034,0.7499719318538074,-1.1167566196573988,-0.8595619755527679,0.14055672,0.10736443,0.020709187,3.674631655968173,0.9482683018337182
1450782713560551808,209.66723333333334,26.695233333333334,0.0987513876695451,0.14237576782804823,16.266032554209232,15.187088880687952,192.82701969522572,0.720870625732448,-2.402963078165456,0.03930394215451682,-1.1743996667005816,-0.8979452134200575,0.03425357,0.025284681,0.2543902,47.48502679374355,0.9986938190698047
1450918468886850816,210.57455833333333,27.271308333333334,0.904672532114401,0.7219817734775302,18.10408489406109,17.35639327764511,-27.735377429388958,3.881336755379521,-0.7688886492631228,0.2755633569934826,-2.427550962967232,-1.6293297318911062,0.09537354,0.077709116,0.05014013,5.039730253505409,0.9994697852989903
1451007735487077120,208.88764583333332,26.832494444444446,-0.5970035142924094,0.2811515276643153,17.727114878594875,17.851907785981894,94.40800143855445,8.748193728446713,-0.9139797417099694,0.3326203607634722,-1.4748420747910984,-2.166613815043534,0.12625606,0.09774554,0.039744474,4.246060373708345,0.9765198335367673
1450348028509870336,209.42278333333334,25.98956666666667,-0.12037408108946072,-0.5632613724304792,18.902640752494335,18.522991959005594,-36.34878538496915,1.9112497152757488,-0.5471620456094421,0.12077694090800459,-0.18841388385643001,0.6109886141071404,0.31038168,0.25277615,0.060178112,8.856867209650495,0.9998222140104176
1450579200830093312,207.42249583333336,26.481519444444444,-1.909837982696772,-0.05547820492690761,16.818889938294888,15.787403890863061,189.5018309902175,0.7939188032245045,-1.4320598885511346,0.08729784114901502,-1.0419187774840546,-0.8413688312361891,0.045033246,0.030646764,-0.14337373,30.062695883870138,0.9994790385320778
1451065425487822976,209.1404791666667,27.319280555555558,-0.3697934922484516,0.7669581340833218,17.199907146394253,16.559561107307673,-195.09612762998773,1.23081223698718,-1.4815036299544762,0.17232108970326637,-1.205774715141453,-2.633926511447942,0.059998218,0.044728197,0.19896924,13.475509516703065,0.9997585899232407
1451010170732704896,208.823,26.79771388888889,-0.6548855154048229,0.24668756846097223,18.530533097684383,17.93320946022868,18.175278541922253,1.968934977396119,-0.685101272871711,0.14450177601967187,-1.701020709900775,-1.6944362496399843,0.1410707,0.10900123,0.06458829,6.647967748201946,0.9996496426115613
1258501318390124544,210.22947916666666,25.650497222222224,0.6064637584195426,-0.9007737726630306,18.917288064956665,18.69050499610603,-20.694808776794005,6.77862710198567,-2.320290276175939,0.6424795810334542,-2.2448657182161926,-0.5547680259215261,0.17058146,0.1551403,0.01821303,3.997497472691833,0.9341281901154866
1258572683566832256,209.84985833333334,26.021369444444446,0.26343986603194,-0.53122165669961,20.01589748635888,19.456160090863705,-45.407118827173015,6.728671968092826,-1.7240415224942014,0.7206603748405848,-0.1994776840850036,-0.46103451892938374,0.3547911,0.25881302,0.17169592,2.595540406216056,0.9017192575507678
1258705282092713344,210.39981666666668,26.565900000000003,0.7540736711159257,0.015480203873578723,16.599115267395973,16.773411080241203,72.57506531981224,7.483700243848414,-1.792353138618324,0.5029979199241981,-1.0375666520737643,-1.5310945897853727,0.063441634,0.04977103,0.10703521,8.050770811152203,0.9956504610170782
1450350807353955584,209.3579541666667,25.996708333333334,-0.17863621853130826,-0.5560444325984888,17.801423106342554,17.230878084897995,-12.444904006923174,1.3712903276751636,-0.5969687895853264,0.08474861229620932,-0.5105777229155839,-2.5918295415146964,0.0869062,0.06916942,0.016632902,11.966623867897013,0.9998416358734455
1450712104298095104,207.9914416666667,27.06645,-1.3936569332815276,0.5220534660695078,19.4756830483675,18.901862176135182,-236.1061295131508,6.633737610852748,-1.045568910636158,0.3308623749922612,-0.7819076331176096,-0.46911433390870727,0.23256496,0.17954305,0.02649205,3.97183213828541,0.9951219045967793
1450848375021048192,209.50386666666668,26.961183333333334,-0.04709107710505017,0.4082895836741996,18.00044248253107,17.47805432230234,73.77903737075667,1.8486895756793986,-1.7723020206945135,0.2994087571675365,-1.8646198736996704,-1.3114453923072515,0.10244471,0.07281297,0.21762995,8.67243776850548,0.9995617624190203
1451135553713792000,208.82705833333333,27.63828611111111,-0.6463675567947293,1.0871610063758808,18.099466629326344,17.51397243514657,191.75106665878013,3.6957541632775146,-2.887888810143676,0.2955143397077389,-1.196566967497879,-0.9433191662822722,0.103584394,0.075927675,0.18996222,4.540591523046455,0.8876843878031233
